{
  "weather_mumbai": {
    "timestamp": 1772701190.0608094,
    "data": {
      "current": 28.9,
      "history_7d": 28.9
    },
    "source": "Primary fetch"
  },
  "weather_mangalore": {
    "timestamp": 1772701194.3956723,
    "data": {
      "current": 28.5,
      "history_7d": 28.5
    },
    "source": "Primary fetch"
  },
  "weather_delhi": {
    "timestamp": 1772701196.1794748,
    "data": {
      "current": 32.3,
      "history_7d": 32.3
    },
    "source": "Primary fetch"
  },
  "brent": {
    "timestamp": 1772701180.0489304,
    "data": {
      "current": 83.80000305175781,
      "history_7d": 70.75
    },
    "source": "Primary fetch"
  },
  "usdinr": {
    "timestamp": 1772701176.0351381,
    "data": {
      "current": 92.10340058,
      "history_7d": 90.91799926757812
    },
    "source": "Primary fetch"
  },
  "india_vix": {
    "timestamp": 1772701186.2682564,
    "data": {
      "current": 18.610000610351562,
      "history_7d": 14.149999618530273
    },
    "source": "Primary fetch"
  },
  "usdinr_frankfurter": {
    "timestamp": 1772701178.8026907,
    "data": {
      "current": 92.09,
      "history_7d": 92.09
    },
    "source": "Primary fetch"
  },
  "wti": {
    "timestamp": 1772701180.9333427,
    "data": {
      "current": 77.11000061035156,
      "history_7d": 65.20999908447266
    },
    "source": "Primary fetch"
  },
  "natural_gas": {
    "timestamp": 1772701181.7661345,
    "data": {
      "current": 2.9809999465942383,
      "history_7d": 2.8269999027252197
    },
    "source": "Primary fetch"
  },
  "dxy": {
    "timestamp": 1772701183.5063202,
    "data": {
      "current": 99.08899688720703,
      "history_7d": 97.79000091552734
    },
    "source": "Primary fetch"
  },
  "nifty50": {
    "timestamp": 1772701184.4293582,
    "data": {
      "current": 24480.5,
      "history_7d": 25424.650390625
    },
    "source": "Primary fetch"
  },
  "sensex": {
    "timestamp": 1772701185.4661348,
    "data": {
      "current": 79295.53125,
      "history_7d": 82225.921875
    },
    "source": "Primary fetch"
  },
  "gold_xau": {
    "timestamp": 1772701187.299783,
    "data": {
      "current": 5174.22387935,
      "history_7d": 5176.5
    },
    "source": "Primary fetch"
  },
  "weather_kandla": {
    "timestamp": 1772701191.7879868,
    "data": {
      "current": 31.8,
      "history_7d": 31.8
    },
    "source": "Primary fetch"
  },
  "world_bank_india_gdp": {
    "timestamp": 1772701197.6274667,
    "data": {
      "current": 6.49476552383821,
      "year": "2024",
      "country": "India"
    },
    "source": "Primary fetch"
  },
  "world_bank_india_infra": {
    "timestamp": 1772701199.004942,
    "data": {
      "current": 7.06298735847362,
      "year": "2024",
      "country": "India"
    },
    "source": "Primary fetch"
  },
  "world_bank_cpi_india": {
    "timestamp": 1772701200.2807188,
    "data": {
      "current": 4.95303550973656,
      "year": "2024",
      "country": "India"
    },
    "source": "Primary fetch"
  },
  "opec_basket": {
    "timestamp": 1772701201.4942327,
    "data": {
      "current": 83.79000091552734,
      "history_7d": 70.75
    },
    "source": "Primary fetch"
  },
  "shipping_freight": {
    "timestamp": 1772701202.3031738,
    "data": {
      "current": 11.90999984741211,
      "history_7d": 11.869999885559082
    },
    "source": "Primary fetch"
  },
  "nse_infrastructure": {
    "timestamp": 1772701203.0798924,
    "data": {
      "current": 1301.199951171875,
      "history_7d": 1275.5
    },
    "source": "Primary fetch"
  },
  "open_meteo_forecast_vadodara": {
    "timestamp": 1772701204.0298374,
    "data": {
      "current": 38.7,
      "forecast_7d": [
        [
          "2026-03-05",
          38.7,
          0.0
        ],
        [
          "2026-03-06",
          36.5,
          0.0
        ],
        [
          "2026-03-07",
          38.1,
          0.0
        ],
        [
          "2026-03-08",
          40.4,
          0.0
        ],
        [
          "2026-03-09",
          41.2,
          0.0
        ],
        [
          "2026-03-10",
          41.6,
          0.0
        ],
        [
          "2026-03-11",
          41.4,
          0.0
        ]
      ]
    },
    "source": "Primary fetch"
  },
  "govt_holiday_api": {
    "timestamp": 1772701212.2627156,
    "data": {
      "current": 18,
      "holidays": [
        {
          "date": "2026-01-01",
          "name": "New Year's Day"
        },
        {
          "date": "2026-01-14",
          "name": "Makar Sankranti"
        },
        {
          "date": "2026-01-26",
          "name": "Republic Day"
        },
        {
          "date": "2026-03-03",
          "name": "Holi"
        },
        {
          "date": "2026-04-02",
          "name": "Ram Navami"
        },
        {
          "date": "2026-04-03",
          "name": "Good Friday"
        },
        {
          "date": "2026-04-14",
          "name": "Dr. Ambedkar Jayanti / Baisakhi"
        },
        {
          "date": "2026-05-01",
          "name": "Maharashtra Day / Labour Day"
        },
        {
          "date": "2026-06-08",
          "name": "Eid al-Adha (Bakrid)"
        },
        {
          "date": "2026-07-06",
          "name": "Muharram"
        },
        {
          "date": "2026-08-15",
          "name": "Independence Day"
        },
        {
          "date": "2026-08-25",
          "name": "Janmashtami"
        },
        {
          "date": "2026-09-14",
          "name": "Milad-un-Nabi (Prophet's Birthday)"
        },
        {
          "date": "2026-10-02",
          "name": "Gandhi Jayanti / Dussehra"
        },
        {
          "date": "2026-10-20",
          "name": "Diwali (Lakshmi Puja)"
        },
        {
          "date": "2026-11-04",
          "name": "Guru Nanak Jayanti"
        },
        {
          "date": "2026-11-14",
          "name": "Children's Day"
        },
        {
          "date": "2026-12-25",
          "name": "Christmas Day"
        }
      ]
    },
    "source": "Primary fetch"
  },
  "rest_countries_india": {
    "timestamp": 1772701212.3889134,
    "data": {
      "current": 1417492000,
      "name": "India",
      "capital": "New Delhi",
      "area": 3287263.0,
      "region": "Asia",
      "currencies": [
        "INR"
      ]
    },
    "source": "Primary fetch"
  },
  "current_time": {
    "timestamp": 1772701474.0063903,
    "data": {
      "current": "14:34"
    },
    "source": "Primary fetch"
  },
  "fuel_oil": {
    "timestamp": 1772701182.6685886,
    "data": {
      "current": 3.157599925994873,
      "history_7d": 2.612499952316284
    },
    "source": "Primary fetch"
  }
}